tag,count
14.04,21148
12.04,17412
boot,13098
command-line,12294
networking,12101
16.04,11278
dual-boot,10458
drivers,9723
unity,9122
wireless,9018
server,8852
apt,8589
grub2,7755
partitioning,7474
installation,7221
nvidia,6498
gnome,5818
system-installation,5651
upgrade,5507
bash,5470
usb,5404
package-management,5356
11.10,5125
software-installation,5054
sound,4961
kernel,4229
12.10,4038
mount,4028
updates,4011
permissions,4009
graphics,3710
scripts,3676
13.04,3587
windows,3550
virtualbox,3430
xubuntu,3388
keyboard,3197
ssh,3193
hard-drive,3130
lubuntu,3018
11.04,2907
apache2,2887
kubuntu,2798
uefi,2788
nautilus,2768
13.10,2721
python,2719
xorg,2711
firefox,2676
login,2666
wine,2663
ubuntu-touch,2652
shortcut-keys,2596
software-recommendation,2541
multiple-monitors,2404
windows-7,2378
ati,2377
software-center,2301
java,2268
15.04,2243
mouse,2126
network-manager,2121
dpkg,2104
google-chrome,2084
printing,2056
launcher,2010
10.04,1986
internet,1985
video,1979
15.10,1962
10.10,1916
display,1896
suspend,1858
touchpad,1833
application-development,1827
bluetooth,1826
compiz,1819
64-bit,1791
sudo,1765
dell,1764
live-usb,1739
files,1730
filesystem,1716
password,1716
mysql,1701
windows-8,1694
uninstall,1666
php,1647
pulseaudio,1608
backup,1606
icons,1592
dependencies,1567
themes,1566
samba,1566
kde,1564
encryption,1543
security,1543
compiling,1526
power-management,1513
laptop,1498
shutdown,1494
games,1488
android,1431
libreoffice,1403
gnome-terminal,1378
ppa,1354
intel-graphics,1342
wubi,1327
lightdm,1310
ubuntu-one,1296
update-manager,1292
fonts,1290
lenovo,1274
virtualization,1265
flash,1250
14.10,1245
juju,1242
data-recovery,1234
gparted,1226
screen,1222
xfce,1221
keyboard-layout,1203
startup,1193
broadcom,1190
alsa,1184
ssd,1183
directory,1153
steam,1144
hardware,1143
root,1117
indicator,1112
16.10,1106
configuration,1105
dns,1098
cron,1081
brightness,1080
hp,1075
vpn,1069
gui,1068
skype,1034
users,1032
radeon,1030
maas,1024
ethernet,1011
hdmi,1008
vmware,1006
usb-drive,1002
resolution,1002
asus,995
chromium,978
performance,969
vlc,969
unity-dash,963
raid,960
mac,915
battery,894
ntfs,881
proxy,874
intel,873
windows-10,868
repository,861
email,854
desktop-environments,848
eclipse,841
pdf,825
thunderbird,815
login-screen,809
downloads,803
bootloader,801
ram,797
gtk,794
display-resolution,783
freeze,769
iso,765
home-directory,762
fstab,748
swap,742
openstack,739
upstart,728
sync,722
32-bit,715
webcam,714
external-hdd,710
acer,707
monitor,704
cpu,700
disk,689
iptables,682
live-cd,673
dvd,667
firewall,665
thinkpad,663
fglrx,651
services,651
macbook,641
gedit,640
gcc,638
nvidia-optimus,634
crash,618
hibernate,618
disk-usage,618
remote-desktop,616
bios,615
rhythmbox,606
music,605
lamp,603
lvm,602
menu,602
workspaces,593
system,586
window-manager,583
kvm,582
window,582
environment-variables,577
amd-graphics,570
shortcuts,567
dhcp,567
partitions,563
vim,552
customization,552
deb,548
notification,547
reboot,546
openvpn,544
vnc,543
connection,542
packaging,539
panel,536
browser,530
qt,530
grubrescue,528
ftp,528
wallpaper,527
boot-repair,523
c++,521
lts,519
settings,518
lock-screen,517
headphones,504
process,501
bumblebee,501
microphone,495
ubuntu-sdk,492
postfix,486
programming,485
authentication,481
automount,479
cloud,478
overheating,477
canon,473
playonlinux,470
format,469
plugins,467
language,467
software-sources,466
systemd,463
fan,462
realtek,460
git,459
ext4,454
mate,453
ubuntu-gnome,453
xrandr,452
delete,449
scanner,447
evolution,446
log,440
samsung,440
usb-modem,439
text-processing,431
.desktop,430
webserver,428
banshee,427
macosx,425
nginx,425
youtube,424
phone,423
dropbox,422
search,422
windows-xp,420
tablet,418
ffmpeg,418
atheros,413
make,412
bug-reporting,409
rsync,409
opengl,405
images,404
filemanager,402
launchpad,400
multi-touch,400
libraries,397
sd-card,397
minecraft,395
python3,393
tty,392
cuda,391
file-sharing,390
lxde,390
nfs,386
touchscreen,385
chromebook,381
intel-wireless,381
synaptic,378
bashrc,378
debian,376
ruby,374
gpu,374
cinnamon,373
jdk,373
grep,371
openjdk,371
gnome-panel,370
synaptics,369
macbook-pro,367
ubuntu-netbook,365
udev,365
gnome-classic,365
quickly,364
plymouth,362
empathy,359
development,359
restore,359
qml,358
colors,351
chmod,351
matlab,350
versions,349
cd,349
find,348
gnupg,348
gdm,346
time,344
gimp,344
postgresql,343
tar,342
system-settings,341
symbolic-link,341
ecryptfs,340
cursor,339
restart,337
drive,331
boot-failure,331
latex,330
phpmyadmin,327
lxc,323
snap,321
autostart,321
sed,321
ip,320
remote,320
ssl,319
c,319
unity-2d,316
deja-dup,314
webapps,313
ubuntu-core,313
executable,312
oracle,311
acpi,310
remote-access,305
lan,304
shared-folders,304
ufw,302
temperature,302
compatibility,296
clipboard,295
hybrid-graphics,295
aptitude,293
vaio,292
locale,292
emacs,290
mdadm,287
mail,283
default,283
backlight,283
error-handling,283
raspberrypi,279
inspiron,279
wget,279
wacom,278
screensaver,277
soundcard,274
amazon-ec2,273
netbeans,272
gtk3,270
ubuntu-mate,269
xampp,269
python-2.7,267
release-management,266
console,265
openssh,265
external-monitor,264
interface,263
default-programs,262
bittorrent,262
mono,261
malware,261
dd,260
lenses,260
appmenu,258
background,258
mp3,257
text-editor,254
automation,254
nodejs,251
memory-usage,251
volume-control,251
streaming,251
luks,250
sharing,249
paths,249
google,249
iphone,248
ibus,248
session,247
grub-efi,245
landscape,243
ralink,243
tor,242
arm,241
gpt,240
mbr,240
xserver,238
shared-library,238
calendar,237
cpu-load,236
screenshot,234
logout,234
transmission,233
openstack-autopilot,232
resize,232
evince,230
awk,229
chroot,229
downgrade,225
video-driver,223
fsck,223
cifs,223
multimedia,222
alias,220
perl,220
pip,219
speakers,219
nouveau,219
modem,218
pidgin,218
docker,217
text,217
trash,216
codecs,215
startup-applications,215
btrfs,214
logging,214
vsftpd,214
devices,213
xps,212
fullscreen,212
conky,211
database,211
read-only,211
sony,210
ls,209
logitech,208
initramfs,208
g++,208
do-release-upgrade,206
init,206
dbus,206
antivirus,206
router,205
sublime-text,205
init.d,205
recovery-mode,204
cache,203
adobe,202
mobile-broadband,201
android-studio,201
system-tray,200
password-recovery,197
gmail,197
ide,197
notify-osd,197
ping,197
mtp,197
sftp,196
localhost,195
user-management,194
network-bridge,193
plasma,193
vga,193
ipv6,192
apple,192
iwlwifi,191
burning,191
hostname,191
camera,191
file-format,190
virtual,190
language-support,190
transfer,190
ipod,189
nexus-7,187
mint,187
archive,186
install-from-source,186
qemu,185
preseed,185
openssl,185
media,183
pxe,183
regex,183
debugging,183
wordpress,183
scrolling,182
video-player,182
ubuntu-studio,182
ubiquity,181
rename,181
shotwell,180
source-code,180
internet-connection,179
qt-creator,179
ldap,178
openoffice.org,177
routing,176
pam,176
hadoop,176
input-devices,175
syslog,175
clone,173
hp-pavilion,171
applet,171
openbox,171
xmodmap,170
chown,169
vps,169
facebook,169
mongodb,169
appearance,168
canonical,168
storage,168
dconf,168
adapter,168
hot-spot,167
monitoring,167
svn,167
toshiba-satellite,167
cmake,166
wired,165
zfs,164
xbmc,164
epson,164
documentation,163
microsoft-office,163
realtek-wireless,162
gstreamer,162
totem,162
3g,162
bind,162
execute-command,161
troubleshooting,161
thunar,161
curl,161
administration,160
convert,160
apparmor,160
trackpad,159
manpage,159
byobu,158
tomcat,158
3d,157
serial-port,156
keyrings,155
winetricks,155
avconv,154
amd-processor,154
software-uninstall,153
proprietary,153
rm,153
ubuntu-minimal,153
guest-session,152
port-forwarding,152
community,151
mplayer,151
lock,151
usb-storage,151
unetbootin,151
r,151
dolphin,150
compression,150
tv,150
date,150
virtualhost,149
taskbar,149
migration,148
ubuntu-drivers,147
firmware,147
clamav,147
teamviewer,147
fdisk,147
zsh,146
reset,146
spotify,146
nas,146
secure-boot,145
input-language,145
rdp,145
key,145
aws,145
application-switcher,145
ifconfig,144
opencv,144
video-editor,142
imagemagick,142
system-monitor,141
clock,140
xrdp,139
qt5,139
mouse-scroll,139
custom-distributions,139
conversion,138
netflix,138
putty,138
brother,137
docky,137
headset,137
thumbnails,137
offline,136
websites,136
dnsmasq,135
nvidia-prime,135
php7,135
unicode,135
encoding,135
hud,134
vagrant,134
extension,134
html,134
kill,134
boot-partition,133
history,133
jack,132
online-accounts,132
static-ip,131
accessibility,131
lowgraphics,131
xinput,130
contacts,130
privacy,130
persistent,130
apport,130
input,130
display-manager,129
vmware-player,128
blender,128
aspire,128
hosts,128
smb,127
memory,127
terminator,127
output,127
disk-management,127
scopes,126
configure,126
active-directory,126
windows-vista,125
lxd,125
https,124
patch,124
mythbuntu,124
gsettings,124
indicator-sound,124
zip,124
purge,124
su,124
fancontrol,124
key-binding,123
copy,123
eeepc,122
scp,122
source,122
gconf,121
burg,121
resolv.conf,121
pygtk,121
titlebar,121
gamepad,120
ntp,120
client,120
.profile,120
elementary,120
testdisk,118
cp,118
rails,118
auto-completion,118
mountpoint,118
makefile,118
pipe,118
xen,118
xterm,118
kde4,117
mime-type,117
redirect,117
vmware-workstation,116
alternative,116
cpufreq,116
certificates,116
function-keys,115
menu-bar,115
opera,115
gvfs,115
squid,115
pptp,115
auto-login,115
username,114
glade,114
reinstall,114
metacity,114
segmentation-fault,114
headless,114
remmina,114
catalyst,113
image-processing,113
huawei,112
livedvd,112
toshiba,112
transparency,112
focus,112
dmesg,112
inkscape,111
ubuntu-tweak,111
usb-creator,111
deluge,111
etc,111
button,111
mesa,111
data-loss,110
mythtv,110
bazaar,110
tmux,110
music-player,110
emulation,109
official-repositories,109
gnome-keyring,109
cairo-dock,109
batch-rename,108
usb-installation,108
repair,108
sensors,108
nexus-4,107
editor,107
truecrypt,107
cisco,107
sshd,107
unity-greeter,106
installed-programs,106
nemo,106
special-characters,106
9.10,106
privileges,106
gwibber,105
prompt,105
unmount,105
filename,105
i3-wm,104
cd-drive,104
wireless-access-point,104
flicker,103
edubuntu,103
partial-upgrade,103
youtube-dl,102
virtualbox-networking,101
displayport,101
hidden-files,101
javascript,101
awesome,100
user-profile,100
messaging-menu,100
fat32,100
gksu,100
monodevelop,100
geany,100
gnome-shell-extension,99
aquaris,99
dock,99
photoshop,99
sshfs,99
metadata,99
midi,99
window-management,99
mail-server,99
pcmanfm,98
wakeup,98
octave,98
mv,98
support,98
usability,98
fingerprint-reader,98
powerpc,98
zeitgeist,98
sata,98
disk-utility,98
video-conversion,97
bq,97
cleanup,97
smartphone,97
record,97
graphics-tablet,97
smtp,96
adduser,96
administrator,96
workspace-switcher,96
html5,96
refind,95
xfce-panel,95
tools,95
network-monitoring,95
mp4,95
clementine,95
batch,95
vi,94
apache2.4,94
photo-management,94
tearing,94
add-apt-repository,94
tomboy,94
nomodeset,94
multiarch,94
logs,93
ownership,93
groups,93
dictionary,93
window-buttons,93
re-installation,93
microsoft,93
gvim,93
input-method,93
quicklists,93
fedora,93
gnome-tweak-tool,93
npm,92
unity-tweak-tool,92
okular,92
notification-area,92
extract,92
dovecot,92
ccsm,92
hplip,92
msi,91
kde5,91
mirrors,91
architecture,91
refit,91
smart,91
license,90
nano,90
dialog,90
system-requirements,90
bookmarks,90
jre,90
emulator,89
internationalization,89
color-management,89
aircrack-ng,88
trim,88
django,88
binary,88
compiler,88
nvidia-geforce,87
cheese,87
guake,87
modprobe,87
policykit,86
zenity,86
disk-image,85
itunes,85
dkms,85
adb,84
m10,84
globalmenu,84
tunnel,84
bandwidth,84
backport,84
mariadb,83
irc,83
translation,83
rsyslog,83
screencast,83
sh,82
wsl,82
drag-and-drop,82
tmp,82
file-association,82
code-blocks,82
glib,82
ideapad,82
plasma-5,81
effects,81
guest-additions,81
clonezilla,81
cross-compilation,80
xdotool,80
icon-themes,80
rvm,80
gzip,80
mediaserver,80
accounts,80
sleep,80
live-environment,80
duplicity,80
nat,80
keys,80
firefox-extensions,79
top,79
video-streaming,79
glibc,79
dual-monitor,79
virtual-console,79
google-earth,79
photo,79
distro-recommendation,79
ubuntu-for-android,78
gateway,78
wireshark,78
sendmail,78
xmonad,78
adobe-reader,78
webmin,78
netgear,77
remapping,77
open-source,77
broadband,77
cd-image,77
audacity,77
busybox,76
boost,76
intellij,76
mir,76
surface,76
hardware-enablement-stack,76
cluster,76
gpu-drivers,76
gnu-screen,76
widgets,76
download-speed,76
ltsp,76
schedule,76
audio-jack,75
macbook-air,75
tomcat7,75
hyper-v,75
kodi,75
md5sum,75
ndiswrapper,75
subtitle,75
seahorse,75
kiosk,75
download-manager,74
voip,74
animations,74
tv-tuner,74
github,74
noise,74
unattended-upgrades,73
hardware-acceleration,73
testing,73
debug,73
capslock,73
editing,73
mysql-workbench,72
passwd,72
xkb,72
remastersys,72
opencl,72
filezilla,72
instant-messaging,71
brasero,71
hda-intel,71
wicd,71
nagios3,71
url,71
x11,71
virtual-terminal,71
japanese,71
arduino,70
update-alternatives,70
upload,70
owncloud-server,70
nvidia-settings,70
tethering,70
spell-checking,70
sort,70
ipad,70
apt-mirror,70
web-development,69
disconnect,69
kate,69
design,69
avahi,69
scanning,69
pci,69
sql,69
minimize,69
wpa-supplicant,68
exfat,68
hostapd,68
source-packages,68
numlock,68
multi-core,68
kali,67
imap,67
aspire-one,67
internet-radio,67
locate,67
plex,66
android-sdk,66
telegram,66
pae,66
sane,66
persistence,65
visual-artifacts,65
wakeonlan,65
dell-vostro,64
paste,64
cryptsetup,64
displaylink,64
folder,64
alt,64
card-reader,64
notes,64
timeout,64
xml,63
wifi-hardware-switch,63
dpi,63
pppoe,63
webdav,63
ambiance,63
squid3,63
automatic,63
layout,63
telnet,63
nmap,62
virtualenv,62
messages,62
xdg,62
pgp,62
powertop,62
domain-server,62
gnome-session,62
vgaswitcheroo,62
sdk,61
pipelight,61
umount,61
preferences,61
scaling,61
gestures,61
local,61
chinese,61
uuid,61
software-updater,60
lm-sensors,60
glitch,60
cat,60
additional-drivers,60
8.04,60
resume,60
citrix,60
dlna,60
rpm,60
css,60
modem-manager,60
joystick,60
kdenlive,60
startup-disk-creator,59
cups-lpd,59
shutter,59
ubuntu-font-family,59
timezone,58
notify-send,58
konsole,58
lid,58
twitter,58
modules,58
openldap,58
bitcoin,58
fuse,58
sdl,58
sqlite,57
container,57
parallels,57
tftp,57
ip-address,57
wpa2,57
7zip,56
google-drive,56
ios,56
click-packages,56
ps,56
ps3,56
remote-control,56
utf-8,56
zoom,56
autohide,56
xscreensaver,56
proc,55
ubuntu-restricted-extras,55
sockets,55
syslinux,55
pictures,55
crouton,55
x11-forwarding,55
mozilla,55
png,55
alternate,55
utorrent,54
chromeos,54
csv,54
texlive,54
unity8,54
gps,54
c#,54
tmpfs,54
udisks,54
apt-cache,54
lxpanel,54
gdb,54
environment,53
trackpoint,53
.htaccess,53
presentation,53
ebooks,53
i915,53
moonlight,53
share,53
stable-release-updates,53
pantheon,53
runlevel,52
fortran,52
resolvconf,52
ulimit,52
xfce4-terminal,52
grub-legacy,52
suspend-resume,52
warning,52
9.04,52
setup,52
google-talk,52
blacklist,52
shared,52
diff,52
xdg-open,52
helpfile,52
cd-ripping,52
playback,52
mouse-wheel,51
alienware,51
gksudo,51
network-bonding,51
context-menu,51
jar,51
debootstrap,51
recordmydesktop,51
events,51
default-browser,51
unzip,51
hybrid,51
dvi,50
icedtea,50
detect,50
io,50
nic,50
ceph,50
genymotion,50
stream,50
nautilus-elementary,50
gnu,50
hd-video,50
adhoc,50
syntax,50
gtk-2,49
restricted-access,49
smplayer,49
gnome-software,49
localrepository,49
dhcpd,49
ext3,49
dsl,49
kickstart,49
overlay-scrollbars,49
beta,49
navigation,48
ipython,48
meizu-mx4,48
mouse-pointer,48
upnp,48
keepass,48
gnome-do,48
eject,48
synapse,48
webgl,48
qbittorrent,48
webkit,48
tabs,48
maximized,47
passphrase,47
intel-nuc,47
ssh-agent,47
lirc,47
compositing,47
mac-mini,47
ocr,47
legal,47
ipsec,47
window-decoration,47
scrollbar,46
kerberos,46
format-conversion,46
snapshot,46
ath9k,46
gnome-control-center,46
clang,46
bluetooth-speaker,46
google-calendar,46
oem,46
logo,46
gnome-power-manager,46
previews,46
hfs+,46
idle,46
xbox-360,46
touchegg,46
nokia,45
virt-manager,45
wmctrl,45
tls,45
xbindkeys,45
rtl8723be,45
rootkit,45
hosting,45
vino,45
realtime,45
amarok,45
info,45
cad,45
debconf,45
dualhead,45
calibre,45
unallocated,44
gnome-screensaver,44
lxterminal,44
media-buttons,44
ultrabook,44
raid5,44
ms-exchange,44
duplicate-files,44
mode,44
signature,44
mkv,44
logrotate,44
custom-installer,44
vpnc,44
removing,44
mutt,44
text-mode,44
duplicate,43
kwin,43
elantech,43
rfkill,43
visudo,43
location,43
acl,43
cloning,43
bleachbit,43
viber,43
audio-recording,43
fluxbox,43
twinview,43
traffic,43
podcast,43
kile,43
crossplatform,43
openshot,43
puppet,43
lexmark,43
checksums,43
jpeg,43
nautilus-actions,42
debian-installer,42
signal,42
anacron,42
localization,42
sms,42
portable,42
hash,42
torrent-client,42
.sh,42
svg,42
viruses,42
numpad,42
task-management,42
nx,42
mute,42
drupal,42
pixma,42
jupiter,42
gem,41
usb-modeswitch,41
embedded-system,41
tweak,41
postgres,41
email-client,41
bash-history,41
ruby-on-rails,41
bluez,41
haskell,41
syntax-highlighting,41
xinerama,41
optimization,41
dhclient,41
remote-x-session,41
wayland,41
capture,41
couchdb,41
rkhunter,41
sip,41
pygi,41
compaq,40
teamspeak,40
amazon,40
undelete,40
beagleboard,40
kmail,40
evernote,40
mp3-player,40
text-to-speech,40
floppy,40
file-type,39
dmraid,39
motd,39
external-soundcard,39
preinstallation,39
tlp,39
kindle,39
tail,39
synergy,39
document,39
onboard,39
pyqt,39
tag,39
eclipse-cdt,39
uck,39
lightning,39
openpgp,39
rabbitvcs,38
dv6,38
asterisk,38
encfs,38
switch-user,38
uget,38
lsusb,38
keyboard-backlight,38
unlock,38
places,38
audacious,38
version-control,38
antialiasing,38
mercurial,38
tasksel,38
www,38
merge,38
docking,38
iscsi,38
flac,37
safety,37
mpi,37
cgi,37
a2dp,37
easybcd,37
samba4,37
vmware-tools,37
crontab,37
productivity,37
clipboard-manager,37
blu-ray,37
frequency,37
calculator,37
paid-applications,37
cairo,37
kdm,37
maven-3,37
split,37
application-submission,36
drm,36
overclocking,36
vncviewer,36
bootchart,36
rar,36
bamboo,36
indexing,36
adobe-air,36
krusader,36
pcie,36
tracker,36
memory-leak,35
pptpd,35
useradd,35
remote-login,35
connection-sharing,35
data-corruption,35
ap-hotspot,35
atom,35
anaconda,35
id3,35
libnotify,35
scheduled,35
freenx,35
file-properties,35
rss,35
likewise,35
functions,35
ubuntu-wiki,35
fail2ban,35
k3b,35
projector,35
playlists,34
ubuntu-tv,34
snmp,34
ntfs-3g,34
motherboard,34
4k-monitor,34
xorg.conf,34
build,34
jockey,34
fish,34
screenlets,34
metapackages,34
arabic,34
mpd,34
slideshow,34
multiple-users,34
alps,34
nohup,34
xfce4-power-manager,33
squashfs,33
windows-phone,33
system-language,33
logitech-unifying,33
google-hangouts,33
ubuntu-emulator,33
multiseat,33
weather,33
ogg-vorbis,33
webex,33
adobe-acrobat,32
release-upgrade,32
wireless-keyboards,32
libav,32
htop,32
alien,32
switchable-graphics,32
ld,32
free,32
fcitx,32
gnuplot,32
badblocks,32
hacking,32
pycharm,32
katoolin,32
file-roller,32
benchmarks,32
defrag,32
ascii,32
comparison,32
awn,32
centrino,32
gdebi,31
image-editor,31
grive,31
dynamic-linking,31
timestamp,31
mod-rewrite,31
netstat,31
commercial,31
process-priority,31
eog,31
dvb,31
digikam,31
framebuffer,31
downloaders,30
crossover,30
screen-corruption,30
wvdial,30
thunderbolt,30
xfs,30
memtest,30
reinstalling,30
echo,30
php5-fpm,30
idle-python,30
cube,30
ardour,30
multiple-instances,30
ubuntu-website,30
lockup,30
ups,30
dosbox,29
gif,29
pavucontrol,29
gma500,29
lspci,29
joomla,29
xsane,29
matplotlib,29
kylin,29
blueman,29
secure-erase,29
user-data,29
ie,29
style,29
lyx,29
derivatives,29
gnome-settings-daemon,29
openvz,29
vmware-fusion,29
standby,29
handbrake,29
nautilus-script,28
system-info,28
lg,28
ncurses,28
activities-overview,28
macbuntu,28
zte,28
tcl,28
ps1,28
xev,28
xmpp,28
inode,28
tightvncserver,28
cloud-init,28
lsb-release,28
x2go,28
webbrowser-app,28
ubuntu-make,28
contributing,28
terminology,28
maintenance,28
mencoder,28
personalization,28
purchase,28
home-server,28
dvorak,28
nice,28
file-server,28
version,28
passwd-file,28
lua,28
spdif,27
dvb-t,27
print-screen,27
aptana-studio,27
stdout,27
redmine,27
mkdir,27
plexmediaserver,27
df,27
numpy,27
nvme,27
conjure-up,27
parental-controls,27
mutter,27
gnome2,27
gufw,27
kde-apps,27
emerald,27
quota,27
diagnostic,27
porting,27
customizer,26
nautilus-extensions,26
boot-time,26
selinux,26
dotnet,26
decryption,26
gnome-disk-utility,26
cgroup,26
mediawiki,26
debuild,26
hevc,26
pinning,26
lighttpd,26
speech-recognition,26
tagging,26
dump,26
tomcat6,26
midori,26
avi,26
enigmail,26
aac,26
ubuntu-one-api,26
google-picasa,26
boot-order,25
socks5,25
xvfb,25
ibm,25
galaxy-nexus,25
recording,25
parted,25
history-of-ubuntu,25
ayatana,25
ghostscript,25
8.10,25
blackberry,25
configuration-management,25
annotation,25
turbo-boost,25
firewire,25
file-size,25
unreadable,25
microsoft-word,24
dash-shell,24
abiword,24
stable,24
plank,24
xerox,24
dist-upgrade,24
solr,24
minidlna,24
hard-link,24
autorun,24
coreutils,24
gnome-screenshot,24
tcpdump,24
image-viewer,24
photography,24
cron-jobs,24
magic-mouse,24
xchat,24
rsnapshot,24
ppc,24
orca,24
spindown,24
kwallet,24
autokey,24
hardware-certification,24
keyserver,24
webm,24
sasl,24
multiple-desktops,24
4g,23
fujitsu-siemens,23
rtl,23
ppp,23
vim-plugin,23
permanent-delete,23
pkexec,23
wifi-direct,23
jenkins,23
owncloud-client,23
less,23
netcat,23
ns2,23
redshift,23
azure,23
single-sign-on,23
transcode,23
2d,23
dockbarx,23
encrypted-partition,23
pkg-config,23
hebrew,23
yahoo,23
policy,23
apt-cacher-ng,23
p2p,23
bugzilla,23
m4a,23
applications-lens,23
muon-package-manager,22
wpa,22
keyboard-accelerators,22
golang,22
nova,22
spyder,22
vimrc,22
background-process,22
photorec,22
libertine,22
magento,22
equalizer,22
guest-os,22
elementary-theme,22
alacarte,22
education,22
irssi,22
unicode-entry,22
compose,22
crashplan,22
cpan,22
boinc,22
templates,21
autofs,21
kinect,21
xfwm4,21
peripherals,21
lynx,21
rescue-mode,21
caja,21
integrated,21
expect,21
cpu-architecture,21
proftpd,21
wildcards,21
hdpi,21
ros,21
pbuilder,21
medibuntu,21
pitivi,21
enlightenment,21
kernel-modules,21
sound-blaster,21
dyndns,21
umask,21
word-documents,21
pm-utils,21
zram,21
ms-dos,20
vdpau,20
akonadi,20
via,20
rotate-monitor,20
dynamic-ip,20
inotify,20
ip-forward,20
apt-fast,20
cpuinfo,20
xhci-hcd,20
intel-hd,20
geary,20
backtrack,20
nexus-10,20
killall,20
character-set,20
tcsh,20
chromecast,20
tor-browser,20
b43,20
sqlite3,20
ssmtp,20
mediatek,20
loop-device,20
numix,20
vala,20
document-management,20
protocol,20
glassfish,20
stack,20
djvu,20
web-design,20
mass-storage,20
openswan,20
jdownloader,20
ubuntu-one-windows,20
ubuntu-bug,20
kvm-switch,20
tooltip,19
virtualdesktop,19
epiphany,19
vdi,19
whoopsie,19
kazam,19
recoll,19
icecast,19
stylus,19
attachment,19
video-capture-card,19
soundconverter,19
bcache,19
indicator-message,19
systemd-logind,19
wps-office,19
whisker,19
tpm,19
xargs,19
sddm,19
odbc,19
vulkan,19
pointers,19
media-manager,19
statusbar,19
naming-conventions,19
postgresql-8.4,19
epub,19
unison,19
zend,19
desktopcouch,19
zombie,19
wmv,19
vaapi,19
lazarus,18
unsupported-packages,18
held-packages,18
multi-user,18
hp-touchpad,18
checkinstall,18
optical,18
chrome-extension,18
xdebug,18
stickynotes,18
jvm,18
pinyin,18
redis,18
overlayfs,18
cursor-theme,18
gradle,18
unity-control-center,18
intel-cpu,18
backintime,18
micro-sd,18
sox,18
resource-limiting,18
mta,18
multiple-workstations,18
upstream,18
telepathy,18
magic-trackpad,18
mp3-tag,18
lsof,18
join,18
korean,18
mediatomb,18
sound-theme,18
books,17
certification,17
font-rendering,17
dell-mini-10,17
lame,17
ktorrent,17
udf,17
wma,17
vinagre,17
tiling,17
.ttf,17
phonon,17
vector-drawings,17
bluefish,17
cookie,17
bootcamp,17
packet-analyzer,17
lxsession,17
zlib,17
qt3,17
tap-to-click,17
decompress,17
heat,17
onscreen-keyboard,17
csh,17
compton,17
whatsapp,17
mousepad,17
f.lux,17
usb-device,17
tcp-ip,17
display-rotation,17
kms,16
flv,16
framerate,16
visualization,16
ddclient,16
disk-check,16
apt-cacher,16
faenza,16
xte,16
uptime,16
squid-deb-proxy,16
quality,16
dead-keys,16
orientation,16
show-desktop,16
gthumb,16
ubuntu-forums,16
laserjet,16
ahci,16
voice-recognition,16
sagemath,16
tee,16
gallium,16
h264,16
ubuntu-edge,16
traceroute,16
qmake,16
yoga-2,16
interrupts,16
arp,16
reverse-proxy,16
metasploit,16
porting-ubuntu-touch,16
clamtk,16
ipv4,16
jupyter,16
nextcloud,16
msn,15
locoteams,15
emblem,15
failover,15
swf,15
xdmcp,15
project-management,15
w3m,15
restricted,15
groovy,15
hal,15
mingw32,15
lxdm,15
matrox,15
claws,15
firestarter,15
engine,15
postscript,15
ricoh,15
minitube,15
panel-applets,15
duplex-printing,15
yumi,15
picasa,15
runescape,15
htc,15
libgcrypt,15
alfa-wireless,15
my-weather-indicator,15
virtualenvwrapper,15
flask,15
markdown,15
mod-ssl,15
dmcrypt,15
netflix-desktop,15
uwsgi,15
light-locker,15
autoconf,15
tox,15
dual-graphics,15
nmcli,15
mathematica,15
user-space,14
kubuntu-netbook,14
hotplug,14
sysrq,14
liferea,14
apturl,14
startupmanager,14
pure-ftpd,14
diagram,14
jabber,14
evdev,14
xulrunner,14
keycodes,14
chess,14
gnote,14
bzip2,14
webapp-development,14
device-name,14
lyrics,14
launchpadlib,14
online-storage,14
package-info,14
rabbitmq,14
mumble,14
cdma,14
myunity,14
quicktime,14
randr,14
eps,14
usbhid,14
color-depth,14
google-maps,14
korganizer,14
vuze,14
mozc,14
snap-windows,14
barcode,14
ubuntu-advantage,14
thunar-custom-actions,14
tree,14
safely,14
xfce4,14
cedarview,14
virtualmin,14
xbacklight,14
rdesktop,14
smartcard,14
sqldeveloper,14
everpad,14
ltsp-client,14
javafx,14
responsiveness,14
vulnerability,14
radius,14
kde-connect,14
gnuradio,14
haproxy,14
focaltech,14
charging,14
mssql,14
chrubuntu,14
winusb,14
unity3d,14
android-emulator,14
gitlab,14
canonical-livepatch,14
uec,13
adblock,13
motu,13
intranet,13
dell-studio-xps-16,13
ath5k,13
job-control,13
finance,13
vcd,13
tvtime,13
xls,13
recipe,13
uds,13
updatedb,13
maildir,13
hamster,13
madwifi,13
prevent,13
google-plus,13
presario,13
social,13
add-on,13
quodlibet,13
kodak,13
scale-mode,13
bbswitch,13
shredding,13
gettext,13
kdevelop,13
non-pae,13
dh-make,13
rygel,13
donation,13
video4linux,13
sysv,13
jhbuild,13
sound-recorder,13
lmms,13
copy.com,13
qcow2,13
caching,13
avidemux,13
binutils,13
tilda,13
gmusicbrowser,13
dansguardian,13
scrot-command,13
terminal-server,13
stat,13
v4l,13
top-bar,13
emmc,13
unclaimed,13
compose-key,13
viewports,13
dnscrypt-proxy,13
conda,13
two-factor-authentication,13
pyqt5,13
desktop-apps,13
btsync,13
systemback,13
mendeley,13
fps,13
gdisk,13
rstudio,13
rdiff-backup,12
autotools,12
stackapplet,12
charset,12
multiverse,12
fax,12
cinelerra,12
unionfs,12
ureadahead,12
kupfer,12
charms,12
wii,12
oxygen,12
popup-ads,12
pyside,12
accomplishments,12
adsl,12
alcatel,12
os-prober,12
radiance,12
axel,12
wav,12
idm,12
click-policy,12
reprepro,12
gis,12
opendns,12
white-screen,12
anki,12
libtiff,12
cms,12
xinetd,12
keepassx,12
doc,12
xclip,12
ppc64le,12
davfs2,12
gnome-color-manager,12
chkrootkit,12
efibootmgr,12
d-link,12
runit,12
minicom,12
spamassassin,12
usb-c,12
transparent-proxy,11
ram-usage,11
keychain,11
connman,11
pandora,11
branding,11
dvd-audio,11
yelp,11
oss,11
ekiga,11
blocklist,11
privoxy,11
sylpheed,11
statistical,11
checkbox,11
marlin,11
workgroup,11
gtkrc,11
messaging-tray,11
zimbra,11
dkim,11
console-kit,11
pastebin,11
bc,11
yum,11
rtmp,11
filelink,11
kickoff,11
ejabberd,11
x11rdp,11
backuppc,11
ogg-opus,11
ivybridge,11
reverse-tethering,11
x230,11
sis-graphics,11
wwan,11
startup-disk,11
ipmi,11
relinux,11
pam-environment,11
jekyll,11
audio-sync,11
openerp,11
libpcap,11
rotate,11
xinit,11
wallch,11
watch-command,11
primus,11
file-sorting,11
mega,11
continuous-deployment,11
exif,11
pdftk,11
nis,11
qt4,11
shadow,11
openconnect,11
office365,11
hdparm,11
kali-linux-tools,11
naming,10
organizer,10
brainstorm,10
chm,10
vmware-server,10
uml,10
daap,10
hotot,10
low-power,10
disk-ripping,10
red5,10
sopcast,10
launchpad-api,10
multipath,10
yakuake,10
trademark,10
poulsbo,10
pango,10
tuxguitar,10
shopping-lens,10
pcscd,10
vmbuilder,10
zoneminder,10
powerline-plugin,10
beowulf,10
preload,10
flashcache,10
goldendict,10
mailutils,10
network-drive,10
airplay,10
grunt,10
vidalia,10
espeak,10
time-command,10
darktable,10
zentyal,10
vnstat,10
adt,10
menulibre,10
midnight-commander,10
rtsp,10
desktop-directories,10
free-software,10
roundcube,10
borders,10
du,10
krita,10
obs-studio,10
simplescan,10
clion,10
rufus,10
budgie,10
blog,9
boxee,9
fluendo,9
high-availability,9
clutter,9
7.10,9
testdrive,9
zsync,9
fortune,9
sector-size,9
mbox,9
wunderlist,9
gnome-fallback,9
rosegarden,9
sound-juicer,9
bsd,9
gobject,9
dvd-backup,9
boxes,9
openchrome,9
scribus,9
tuxonice,9
skel,9
ubuntu-email-address,9
winff,9
sandy-bridge,9
evolution-mapi,9
xkill,9
linaro,9
uniq,9
window-placement,9
gpodder,9
solaris,9
last.fm-client,9
ddrescue,9
phppgadmin,9
ncmpcpp,9
icc,9
convert-command,9
mail-notification,9
lxqt,9
wxpython,9
graphite,9
erlang,9
cut-command,9
gnome-session-fallback,9
doubleclick,9
rtc,9
qgis,9
mame,9
emoji,9
intel-atom,9
letsencrypt,9
tinyos,9
gpl,8
workflow,8
unprivileged,8
dell-mini-9,8
tether,8
oneconf,8
training,8
gcalctool,8
whois,8
memenu,8
dd-wrt,8
jboss,8
exaile,8
zeroconf,8
mogrify,8
wingpanel,8
anjuta,8
gnash,8
git-buildpackage,8
kmymoney,8
gtalk,8
objective-c,8
elinks,8
google-musicmanager,8
miro,8
slim,8
orchestra,8
greybird,8
devilspie,8
pandoc,8
libxml,8
cmyk,8
airplane-mode,8
gnumeric,8
deadbeef,8
address-book,8
pascal,8
hdtv,8
nvidia-current-dev,8
master-pdf-editor,8
kde-telepathy,8
lightread,8
audio-player,8
media-library,8
microsoft-powerpoint,8
yaboot,8
mainline-kernel,8
gammu,8
autossh,8
unknown-device,8
tp-smapi,8
scilab,8
photo-editing,8
rtl8192ce,8
ussd,8
nepomuk,8
iowait,8
friends-app,8
lintian,8
tint2,8
oauth,8
bitnami,8
banner,8
valgrind,8
application-finder,8
boot-to-ram,8
shellshock,8
who,8
pymol,8
pinta,8
ossec,8
automake,8
zotero,8
webp,8
websocket,8
motion,8
exiftool,8
changelog,8
foxitreader,8
directory-structure,8
varnish,8
libpng,8
tomcat8,8
xdg-base-directory,8
linux-headers,8
artwork,7
f-spot,7
easter-egg,7
ubuntu-membership,7
flickr,7
virtual-printer,7
time-management,7
oss-sound-system,7
tsclient,7
replaygain,7
subpixel-rendering,7
apic,7
meego,7
teminal-bell,7
modelines,7
gloobus-preview,7
mov,7
ircd-hybrid,7
stress-testing,7
lxml,7
grooveshark,7
geoip,7
polipo,7
shm,7
xcalib,7
compat-wireless,7
platform-integration,7
konqueror,7
chef,7
ansi,7
home-theatre,7
aptdaemon,7
workrave,7
monit,7
baloo,7
f2fs,7
guvcview,7
at-command,7
slowmovideo,7
zendframework,7
munin,7
cmus,7
single-user,7
ux,7
kontact,7
tkinter,7
pcsx2,7
libpurple,7
mms,7
amavisd-new,7
kivy,7
last-command,7
locked-screen,7
wc,7
grsync,7
uid,7
nethogs,7
ibus-avro,7
electron,7
scheduler,7
pepperflash,7
gems,6
remote-assistance,6
hidden-features,6
promotion,6
amazon-mp3-downloader,6
gitosis,6
afs,6
clutterflow,6
pianobar,6
restricted-formats,6
reviews,6
emesene,6
google-desktop,6
wheel,6
compilation-target,6
texas-instruments,6
send2printer,6
power-cog,6
grab-handles,6
ushare,6
launchy,6
paint,6
mib,6
broadcasting,6
cacti,6
ntop,6
krunner,6
abcde,6
cuttlefish,6
vst,6
version-upgrade,6
ices,6
uvc,6
cyrillic,6
nitro,6
nfc,6
ubuntu-phone,6
lightworks,6
pbuilder-dist,6
autoplay,6
insync,6
word-processor,6
icecat,6
dm-cache,6
enhanceio,6
quantum,6
vmdk,6
hardware-test,6
esx,6
icaclient,6
x-forwarding,6
aptoncd,6
seamonkey,6
ibm-lotus-notes,6
mdm,6
xnview,6
apache-ant,6
odt,6
governor,6
subnet,6
column,6
core-apps,6
dockstation,6
daily-build,6
monitor-calibration,6
sha256,6
cmd,6
scsi,6
tui,6
urban-terror,6
hive,6
geolocation,6
qtox,6
window-control,6
portscan,6
gnome-builder,6
ubuntu-store,6
isolinux,6
appimage,6
novell-netware,5
visio,5
covergloobus,5
pim,5
xine,5
popcon,5
prism,5
gnome-activity-journal,5
kopete,5
mobi,5
release,5
ac100,5
audiobooks,5
plasma-netbook,5
kaddressbook,5
davmail,5
xcompmgr,5
org-mode,5
cybercafe,5
pdf-bookmarks,5
vodafone,5
x121e,5
telinit,5
rekonq,5
powernap,5
sound-editor,5
crunchbang,5
pidgin-sipe,5
microsoft-lync,5
appindicator,5
google-chat,5
setcap,5
pentesting,5
ptp,5
foobar2000,5
qsystemtrayicon,5
kmix,5
nessus,5
ufs,5
expo-mode,5
inetd,5
sansa-clip,5
tt-rss,5
vector,5
iceweasel,5
ultrastar-deluxe,5
netinstall,5
curlftpfs,5
lpd,5
keryx,5
case-insensitive,5
essid,5
gnome-calculator,5
chsh,5
puppetmaster,5
freebasic,5
dput,5
pdfgrep,5
locally-integrated-menus,5
mailman,5
rpc,5
readline,5
xilinx,5
xorg-edgers,5
tr,5
scikit-learn,5
gnutls,5
trojan,5
xperia,5
gambas3,5
mupdf,5
sysfs,5
wkhtmltopdf,5
russian,5
amixer,5
assembler,5
grub4dos,5
scheme,5
neo4j,5
iperf,5
dmidecode,5
strace,5
ash,5
mdns,5
poppler,5
notepadqq,5
gnome-schedule,5
linphone,5
sshpass,5
cryptswap,5
supervisor,5
fastcgi,5
microcode,5
franz,5
systemd-journald,5
json,5
touch-command,5
csd,4
gmplayer,4
neatx,4
office-communicator,4
cardapio,4
ubuntu-light,4
file-extension,4
crossover-office,4
shuttle,4
fontconfig,4
hostap,4
cr-48,4
panorama,4
multipointerx,4
cyrus,4
multiboot,4
reiserfs,4
hd6470m,4
typing-break,4
ip-scanner,4
equivs,4
jungledisk,4
libdbusmenu,4
lenovo-s12-intel,4
ssh-import-id,4
looking-glass,4
pysdm,4
standalone-session,4
gst,4
nux,4
ac3,4
intel-video,4
weston,4
iodbc,4
simon,4
gigolo,4
otrs,4
yed,4
pencil,4
ksnapshot,4
man,4
watchdog,4
berkeleydb,4
apticron,4
system-call-fastboot,4
nitroshare,4
sputnik,4
memory-test,4
qdbus,4
flareget,4
x2goclient,4
arista-transcoder,4
crebs,4
grails,4
mesh,4
unity-web-player,4
iotop,4
xfdesktop,4
httrack,4
nut,4
xprop,4
cddb,4
sbuild,4
lvmcache,4
pager,4
povray,4
ksh,4
posix-compliant,4
computestick,4
static-linking,4
hunspell,4
cowsay,4
nexus-5x,4
ascii-art,4
v-ram,4
m2,4
cloudera-manager,4
airmon-ng,4
dia,4
fhs,4
neovim,4
update-history,4
exim,4
dhcpv6,4
nomachine,4
mkusb,4
tp-link,4
ubufox,3
windicators,3
deadlock,3
cream,3
gmrun,3
chmsee,3
jfs,3
switchbox,3
glippy,3
user-mode-linux,3
creative-zen,3
w64codecs,3
libunity,3
systray,3
beatbox,3
motif,3
zsnes,3
scidavis,3
fbgrab,3
xps-file,3
hp-cloud,3
twinkle,3
proposed-updates,3
location-bar,3
jigdo,3
libvirt,3
konica,3
bricscad,3
mailing-list,3
irda,3
usbfs,3
web-feed,3
gnome-documents,3
jpilot,3
terminal-bell,3
one-hundred-paper-cuts,3
daw,3
freemat,3
ivtv,3
e1000,3
lxrandr,3
nrpe,3
bzrlib,3
calligra,3
msgfmt,3
gnome-pie,3
unity-previews,3
htdocs,3
bottle,3
google-app-engine,3
pstn,3
ace,3
rust,3
cobbler,3
asciidoc,3
komodo-edit,3
rockbox,3
smartscopes,3
ark,3
update-notifier,3
pstree,3
splashtop,3
cgminer,3
apt-listchanges,3
microsoft-keyboard,3
apple-keyboard,3
coreboot,3
vifm,3
smbus,3
ebtables,3
12.04.5,3
qupzilla,3
inputrc,3
instagram,3
orange-box,3
chgrp,3
theme-development,3
home-automation,3
easycap,3
shebang,3
festival,3
more,3
foreman,3
burner,3
smart-tv,3
text-user-interface,3
xdmx,3
ocs-inventory-ng,3
colemak,3
scapy,3
yubikey,3
lisp,3
memory-card,3
xbox-one,3
gtkinspector,3
firewalld,3
r8169,3
heimdall,3
toxic,3
unclutter,3
xdiagnose,3
caldav,3
appstream,3
pdfsam,3
favorites,3
file-command,3
contrast,3
kolourpaint,3
eric,3
flatpak,3
adobe-brackets,3
slack,3
mixxx,3
libinput,3
knr,2
idevices,2
gnu-r,2
ifolder,2
gnomevfs,2
delicious,2
easytether,2
audible,2
poster,2
pommed,2
ubuntu-pay,2
s2ram,2
unix,2
google-video,2
ndb,2
gdevilspie,2
scons,2
app-install,2
musicbrainz,2
nimbuzz,2
expresscard,2
hvr-2250,2
cryptroot,2
release-notes,2
google-reader,2
searchmonkey,2
xmms,2
intel-smart-response,2
ibm-lotus-symphony,2
doublecmd,2
fedena,2
atime,2
hybrid-efi,2
doxygen,2
iphoto,2
pg,2
gma3600,2
lingot,2
julia-lang,2
elevation,2
dragon,2
cdn,2
minix,2
chcon,2
openvas,2
edac,2
synfig-studio,2
bfq,2
objdump,2
rarcrack,2
gpg,2
googledart,2
xwinwrap,2
lynis,2
torque,2
ubuntu-builder,2
virtualgl,2
pagestack,2
microsoft-mouse,2
phpbb,2
vmware-view,2
cpulimit,2
jshint,2
writer,2
openrc,2
cubieboard,2
mmc,2
shareit,2
makerware,2
zabbix,2
htmldoc,2
bison,2
cmatrix,2
vmd,2
self-signed,2
digitalpen,2
meep,2
xsel,2
foomatic,2
kompozer,2
gnucash,2
livestreamer,2
droidcam,2
pcsx,2
rtl8192cu,2
fatrat,2
fft,2
kde-activities,2
apf,2
gnome-open,2
cd-command,2
musescore,2
grsec,2
kanji,2
mirantis,2
openstack-trove,2
mycroft,2
software-boutique,2
initrd,2
cryptkeeper,2
safenetwork,2
hddtemp,2
0ad,2
devilspie2,2
german,2
font-manager,2
indicator-multiload,2
lastpass,2
spice,2
rxvt,2
yad,2
lirc-zilog,1
freelan,1
microsoft-installer,1
ustream,1
chm2pdf,1
chorded-keyboard,1
unistd,1
jmol,1
chemaxon,1
security-card,1
cac-reader,1
aif,1
indicator-syc,1
libre.fm,1
unity-next,1
testsuite,1
qgtkstyle,1
remote-imaging,1
luz,1
libertas,1
lincroft,1
get-iplayer,1
scite,1
digital-dairy,1
dracut,1
bfs,1
drivel,1
rev,1
freespeak,1
qmail,1
smarty,1
debdelta,1
nftables,1
razorqt,1
bkchem,1
adobe-kuler,1
wodim,1
ada,1
phone-faq,1
aview,1
etherape,1
multisystem,1
lanschool,1
openbabel,1
rdio,1
moinmoin,1
ballview,1
murmur,1
scrypt,1
ocelot,1
ifs,1
usbview,1
moksha,1
bluegriffon,1
bonjour,1
tuxpaint,1
rclone,1
pelican,1
screen-reader,1
fabric,1
subliminal,1
production,1
shumway,1
bomi,1
font-converter,1
crimson,1
cfq,1
fitbit,1
privman,1
mpris,1
fakeroot,1
gamma,1
hybrid-sleep,1
utox,1
gnome-extensions,1
cake,1
gphoto2,1
ethereum,1
gitbook,1
adapt,1
iconv,1
csm,1
powershell,1
elasticsearch,1
nixnote2,1
pluma,1
omemo,1
gajim,1
gnome-boxes,1
meld,1
moodle,1
travis,1
webassembly,1
emscripten,1
joycon,1
mps-youtube,1
swapfile,0
uswsusp,0
